#dataformat,5,,,,,,
#,32,32,1024,8,8,4,4
#x, y, z, u, v, w, cc,
4,4,0,9.9414694,-0.164391767,-1.066555167,1,
12,4,0,9.104979933,-0.2076521,-1.304545633,1,
20,4,0,8.268490433,-0.1549138,-1.306977233,1,
28,4,0,7.5295119,-0.102175467,-1.309408867,1,
36,4,0,6.968915967,-0.049437167,-1.311840467,1,
44,4,0,6.408320033,0.033843667,-1.098293467,1,
52,4,0,5.8477241,0.1435918,-0.697585,1,
60,4,0,5.9199096,0.253339933,-0.2968765,1,
68,4,0,6.240569833,0.363088067,0.103831967,1,
76,4,0,6.561230067,0.2807689,0.125763633,1,
84,4,0,6.8818903,0.147612267,0.047438533,1,
92,4,0,6.7466792,0.014455633,-0.030886567,1,
100,4,0,6.539329267,-0.118700967,-0.109211667,1,
108,4,0,6.331979333,-0.019190567,-0.707477767,1,
116,4,0,6.126549233,0.096919867,-1.342839867,1,
124,4,0,6.4783368,0.213030267,-1.978202,1,
132,4,0,6.830124367,0.329140667,-2.6135641,1,
140,4,0,7.1819119,0.479672767,-3.2344011,1,
148,4,0,7.533699467,0.6314173,-3.854726467,1,
156,4,0,7.704628967,0.783161867,-4.475051833,1,
164,4,0,7.8616345,0.9349064,-5.095377233,1,
172,4,0,8.018640067,0.912768533,-4.829673267,1,
180,4,0,8.1756456,0.869474833,-4.456168133,1,
188,4,0,7.935430767,0.8261811,-4.082663,1,
196,4,0,7.627603133,0.782887367,-3.709157833,1,
204,4,0,7.3197755,0.707214667,-3.1931961,1,
212,4,0,7.0119479,0.6185861,-2.620232667,1,
220,4,0,6.7141051,0.529957533,-2.047269267,1,
228,4,0,6.423675933,0.441328967,-1.474305867,1,
236,4,0,6.1332468,0.383427133,-1.096398867,1,
244,4,0,5.842817633,0.364749567,-0.967491533,1,
252,4,0,5.535971433,0.346071967,-0.838584233,1,
,,,,,,,
4,12,0,11.1120397,-0.015501467,1.034969233,1,
12,12,0,10.48743773,-0.032713467,0.666936767,1,
20,12,0,9.862835767,-0.291802167,0.515672,1,
28,12,0,9.5341599,-0.5508909,0.3644072,1,
36,12,0,9.746839367,-0.809979633,0.213142433,1,
44,12,0,9.959518833,-0.845408833,0.1434627,1,
52,12,0,10.17219833,-0.687020467,0.144482433,1,
60,12,0,10.45500627,-0.528632067,0.1455022,1,
68,12,0,10.76535157,-0.3702437,0.146521933,1,
76,12,0,11.0756969,-0.1811347,-0.2423937,1,
84,12,0,11.3860422,0.0161056,-0.734519567,1,
92,12,0,10.60149083,0.2133459,-1.226645467,1,
100,12,0,9.6436787,0.410586233,-1.718771367,1,
108,12,0,8.6858666,0.294957467,-1.834470733,1,
116,12,0,7.730311967,0.1570066,-1.923313367,1,
124,12,0,7.429968,0.019055733,-2.012156,1,
132,12,0,7.129624067,-0.118895133,-2.100998633,1,
140,12,0,6.829280133,-0.2850418,-2.006844233,1,
148,12,0,6.528936167,-0.452181633,-1.9062439,1,
156,12,0,7.737195933,-0.6193215,-1.8056436,1,
164,12,0,9.0616005,-0.786461333,-1.7050433,1,
172,12,0,10.38600507,-0.650951867,-1.587240867,1,
180,12,0,11.71040963,-0.478619767,-1.4673455,1,
188,12,0,12.0345233,-0.306287667,-1.347450133,1,
196,12,0,12.18837273,-0.133955533,-1.227554733,1,
204,12,0,12.34222213,-0.011744033,-1.189094833,1,
212,12,0,12.49607153,0.090412533,-1.183219967,1,
220,12,0,12.43990377,0.192569067,-1.1773451,1,
228,12,0,12.22780017,0.294725633,-1.171470233,1,
236,12,0,12.0156966,0.383202933,-1.125037167,1,
244,12,0,11.803593,0.4542179,-1.026829433,1,
252,12,0,11.77916103,0.525232867,-0.928621733,1,
,,,,,,,
4,20,0,11.49796077,0.090619467,1.7970683,1,
12,20,0,11.134358,0.063929233,1.7012441,1,
20,20,0,10.7707552,-0.373539867,1.1752667,1,
28,20,0,10.59082433,-0.811008967,0.6492893,1,
36,20,0,10.74689563,-1.248478067,0.1233119,1,
44,20,0,10.9029669,-1.371131867,-0.264206367,1,
52,20,0,11.0590382,-1.220974767,-0.531739533,1,
60,20,0,10.86694693,-1.0708177,-0.799272667,1,
68,20,0,10.5381424,-0.920660633,-1.0668058,1,
76,20,0,10.20933787,-0.460283367,-1.513561167,1,
84,20,0,9.880533333,0.0822047,-2.007754067,1,
92,20,0,9.5034576,0.624692767,-2.501946967,1,
100,20,0,9.118743267,1.167180833,-2.996139867,1,
108,20,0,8.734028933,1.059069667,-2.521681233,1,
116,20,0,8.350210367,0.9045405,-1.9781127,1,
124,20,0,8.226385167,0.750011333,-1.434544167,1,
132,20,0,8.10256,0.5954822,-0.890975633,1,
140,20,0,7.9787348,0.140467167,-0.771422267,1,
148,20,0,7.8549096,-0.3251322,-0.666804467,1,
156,20,0,8.8663884,-0.790731567,-0.562186667,1,
164,20,0,9.9652723,-1.256330933,-0.457568833,1,
172,20,0,11.0641562,-1.177664667,-0.5198273,1,
180,20,0,12.1630401,-1.032778833,-0.602389233,1,
188,20,0,12.66877147,-0.887893,-0.684951167,1,
196,20,0,13.07353957,-0.743007167,-0.7675131,1,
204,20,0,13.47830763,-0.464709833,-0.7068274,1,
212,20,0,13.8830757,-0.133030067,-0.5888235,1,
220,20,0,13.44306147,0.1986497,-0.470819633,1,
228,20,0,12.3758044,0.530329467,-0.352815733,1,
236,20,0,11.3085473,0.725770967,-0.303850667,1,
244,20,0,10.2412902,0.7472973,-0.343017233,1,
252,20,0,9.518337767,0.7688236,-0.3821838,1,
,,,,,,,
4,28,0,12.90150537,0.223476733,1.688681667,1,
12,28,0,12.4424758,0.262818533,1.827420167,1,
20,28,0,11.98344627,-0.1993577,1.263795567,1,
28,28,0,11.6673683,-0.661533933,0.700170967,1,
36,28,0,11.61280033,-1.123710167,0.136546367,1,
44,28,0,11.55823233,-1.217479733,-0.435403667,1,
52,28,0,11.50366433,-0.991997567,-1.014568267,1,
60,28,0,11.10733423,-0.7665154,-1.5937329,1,
68,28,0,10.57680413,-0.541033267,-2.1728975,1,
76,28,0,10.04627407,-0.2686262,-2.305641867,1,
84,28,0,9.515743967,0.016201233,-2.320225267,1,
92,28,0,9.131213933,0.301028633,-2.334808633,1,
100,28,0,8.769787533,0.585856033,-2.349392033,1,
108,28,0,8.408361133,0.676462067,-1.415783167,1,
116,28,0,8.048609167,0.7532111,-0.4145241,1,
124,28,0,8.174838333,0.8299601,0.586735,1,
132,28,0,8.301067467,0.906709133,1.587994067,1,
140,28,0,8.427296633,0.574893733,1.400584333,1,
148,28,0,8.5535258,0.228687033,1.171304767,1,
156,28,0,9.431957933,-0.117519667,0.9420252,1,
164,28,0,10.3683009,-0.4637264,0.712745633,1,
172,28,0,11.30464387,-0.5003725,0.4598864,1,
180,28,0,12.24098683,-0.499355067,0.204158267,1,
188,28,0,12.39456013,-0.498337633,-0.051569833,1,
196,28,0,12.4148945,-0.4973202,-0.307297967,1,
204,28,0,12.43522883,-0.1593316,-0.301463567,1,
212,28,0,12.45556317,0.313490467,-0.190969267,1,
220,28,0,11.8175757,0.786312567,-0.080474967,1,
228,28,0,10.69079047,1.259134633,0.030019367,1,
236,28,0,9.564005233,1.5300746,0.0758848,1,
244,28,0,8.43722,1.543301567,0.0392482,1,
252,28,0,7.650092267,1.556528567,0.002611567,1,
,,,,,,,
4,36,0,14.29486633,0.5943178,0.686237,1,
12,36,0,13.58595277,0.712207133,1.097859833,1,
20,36,0,12.8770392,0.287544933,0.6311141,1,
28,36,0,12.3128935,-0.137117267,0.1643684,1,
36,36,0,12.0135804,-0.561779467,-0.302377333,1,
44,36,0,11.7142673,-0.6510513,-0.784588133,1,
52,36,0,11.4149542,-0.449682467,-1.2802006,1,
60,36,0,11.0950583,-0.248313633,-1.775813067,1,
68,36,0,10.7670801,-0.0469448,-2.271425533,1,
76,36,0,10.43910193,0.045590433,-2.080051567,1,
84,36,0,10.11112373,0.109319,-1.7068422,1,
92,36,0,9.563294267,0.1730476,-1.333632867,1,
100,36,0,8.980674667,0.236776167,-0.9604235,1,
108,36,0,8.398055067,0.436190033,-0.1085927,1,
116,36,0,7.818954067,0.645284567,0.777386067,1,
124,36,0,8.261094967,0.8543791,1.663364867,1,
132,36,0,8.7032359,1.063473633,2.549343633,1,
140,36,0,9.1453768,0.706728367,2.191238067,1,
148,36,0,9.5875177,0.330051867,1.789310733,1,
156,36,0,10.23969063,-0.0466246,1.387383367,1,
164,36,0,10.90803357,-0.4233011,0.985456033,1,
172,36,0,11.5763765,-0.424151667,0.698249433,1,
180,36,0,12.24471943,-0.379276367,0.425000667,1,
188,36,0,12.02234383,-0.334401067,0.1517519,1,
196,36,0,11.6483548,-0.289525767,-0.121496867,1,
204,36,0,11.27436577,0.145391167,-0.0941906,1,
212,36,0,10.90037673,0.7363768,0.053377767,1,
220,36,0,10.19113647,1.327362433,0.200946133,1,
228,36,0,9.232975333,1.918348067,0.3485145,1,
236,36,0,8.274814233,2.2983219,0.437406133,1,
244,36,0,7.3166531,2.408928233,0.4513938,1,
252,36,0,6.7342842,2.5195346,0.465381467,1,
,,,,,,,
4,44,0,13.81639507,1.226570133,-0.578688667,1,
12,44,0,13.25193147,1.418672733,-0.120870367,1,
20,44,0,12.68746783,1.088606667,-0.331946533,1,
28,44,0,12.11757297,0.7585406,-0.5430227,1,
36,44,0,11.5377424,0.4284745,-0.754098867,1,
44,44,0,10.95791183,0.215527267,-1.066893933,1,
52,44,0,10.37808123,0.104072167,-1.467836033,1,
60,44,0,9.809340267,-0.0073829,-1.8687781,1,
68,44,0,9.244953833,-0.118838,-2.2697202,1,
76,44,0,8.680567433,0.083138633,-2.033418267,1,
84,44,0,8.116181,0.368076067,-1.628447067,1,
92,44,0,7.912986633,0.653013533,-1.223475867,1,
100,44,0,7.7669487,0.937950967,-0.818504667,1,
108,44,0,7.620910767,0.8260946,-0.130327333,1,
116,44,0,7.477863167,0.685928367,0.5780558,1,
124,44,0,8.202734833,0.545762133,1.2864389,1,
132,44,0,8.9276065,0.4055959,1.994822033,1,
140,44,0,9.652478133,0.028152367,1.904047667,1,
148,44,0,10.3773498,-0.357649067,1.785123667,1,
156,44,0,10.7720174,-0.7434505,1.666199667,1,
164,44,0,11.1412632,-1.129251933,1.547275667,1,
172,44,0,11.51050897,-0.9267044,1.2027222,1,
180,44,0,11.87975473,-0.6525738,0.8307169,1,
188,44,0,11.31912663,-0.3784432,0.4587116,1,
196,44,0,10.6002203,-0.1043126,0.0867063,1,
204,44,0,9.881313933,0.4738881,0.1148557,1,
212,44,0,9.162407567,1.1737574,0.303120467,1,
220,44,0,8.577119967,1.8736267,0.4913852,1,
228,44,0,8.091042967,2.573496,0.679649933,1,
236,44,0,7.604965967,3.0022574,0.840273567,1,
244,44,0,7.118889,3.084935533,0.965611833,1,
252,44,0,6.966288267,3.167613667,1.090950133,1,
,,,,,,,
4,52,0,13.014875,1.811200767,-1.748827467,1,
12,52,0,12.5071605,2.124519767,-1.449785067,1,
20,52,0,11.99944597,1.9171739,-1.458116533,1,
28,52,0,11.45332607,1.709828,-1.466448033,1,
36,52,0,10.83694887,1.5024821,-1.474779533,1,
44,52,0,10.22057163,1.245452267,-1.498817767,1,
52,52,0,9.604194433,0.945367633,-1.536467067,1,
60,52,0,9.035193633,0.645282967,-1.574116367,1,
68,52,0,8.484796167,0.3451983,-1.611765667,1,
76,52,0,7.934398667,0.504858967,-1.4093861,1,
84,52,0,7.3840012,0.7862076,-1.143474367,1,
92,52,0,7.369785467,1.067556233,-0.877562633,1,
100,52,0,7.440417233,1.348904867,-0.6116509,1,
108,52,0,7.511049,0.843598033,-0.054738833,1,
116,52,0,7.583668467,0.282166033,0.522935067,1,
124,52,0,8.2331913,-0.279265933,1.100608967,1,
132,52,0,8.882714133,-0.840697933,1.6782829,1,
140,52,0,9.532236967,-1.130918433,1.761854233,1,
148,52,0,10.1817598,-1.411585767,1.828021267,1,
156,52,0,10.49769693,-1.6922531,1.8941883,1,
164,52,0,10.78795187,-1.972920433,1.960355333,1,
172,52,0,11.0782068,-1.5152174,1.557204967,1,
180,52,0,11.36846173,-0.9676785,1.0969538,1,
188,52,0,10.9983649,-0.420139633,0.636702633,1,
196,52,0,10.51586647,0.127399233,0.1764515,1,
204,52,0,10.03336807,0.6971686,0.0931153,1,
212,52,0,9.550869633,1.275833133,0.160595433,1,
220,52,0,9.418147733,1.854497667,0.2280756,1,
228,52,0,9.545131633,2.4331622,0.295555733,1,
236,52,0,9.672115533,2.7497177,0.4129386,1,
244,52,0,9.799099433,2.7316774,0.594024867,1,
252,52,0,9.9980631,2.7136371,0.775111133,1,
,,,,,,,
4,60,0,13.35820263,2.267721167,-2.356430733,1,
12,60,0,12.4312313,2.721648367,-2.227478067,1,
20,60,0,11.50425997,2.563855933,-2.1035383,1,
28,60,0,10.7955564,2.4060635,-1.979598567,1,
36,60,0,10.48614317,2.2482711,-1.8556588,1,
44,60,0,10.17672993,1.9457897,-1.537000067,1,
52,60,0,9.8673167,1.517924533,-1.049602833,1,
60,60,0,9.647274067,1.090059367,-0.5622056,1,
68,60,0,9.462324633,0.662194233,-0.074808367,1,
76,60,0,9.2773752,0.6626013,-0.001442233,1,
84,60,0,9.092425767,0.7763659,-0.037664133,1,
92,60,0,8.716801767,0.890130467,-0.073886033,1,
100,60,0,8.3110047,1.003895033,-0.110107933,1,
108,60,0,7.9052076,0.365791833,0.1269118,1,
116,60,0,7.502193833,-0.3259545,0.3834264,1,
124,60,0,7.907,-1.017700833,0.639941,1,
132,60,0,8.311806133,-1.709447167,0.8964556,1,
140,60,0,8.7166123,-1.9401408,1.170690833,1,
148,60,0,9.121418467,-2.154594267,1.445550267,1,
156,60,0,9.606675167,-2.369047733,1.7204097,1,
164,60,0,10.0981256,-2.5835012,1.995269133,1,
172,60,0,10.58957607,-1.991216533,1.618130867,1,
180,60,0,11.0810265,-1.3007778,1.161665533,1,
188,60,0,11.09018113,-0.6103391,0.7052002,1,
196,60,0,11.01724187,0.0800996,0.248734867,1,
204,60,0,10.94430263,0.532753833,-0.0556384,1,
212,60,0,10.8713634,0.890262567,-0.2991545,1,
220,60,0,11.00675247,1.247771267,-0.5426706,1,
228,60,0,11.29682337,1.60528,-0.7861867,1,
236,60,0,11.58689427,1.815864533,-0.795933433,1,
244,60,0,11.87696517,1.8388927,-0.507261467,1,
252,60,0,12.06575937,1.861920867,-0.218589467,1,
,,,,,,,
4,68,0,13.49212907,2.853796533,-2.650512167,1,
12,68,0,12.16956583,3.503929567,-2.5973196,1,
20,68,0,10.8470026,3.1671016,-2.249365567,1,
28,68,0,9.8820132,2.830273633,-1.901411567,1,
36,68,0,9.571155067,2.493445667,-1.553457533,1,
44,68,0,9.260296967,2.067480233,-1.113040867,1,
52,68,0,8.949438833,1.564270533,-0.592498433,1,
60,68,0,8.936695733,1.061060867,-0.071955967,1,
68,68,0,9.041013667,0.557851167,0.448586467,1,
76,68,0,9.1453316,0.5551987,0.3328029,1,
84,68,0,9.2496495,0.685036533,0.048593033,1,
92,68,0,9.096192333,0.814874333,-0.235616833,1,
100,68,0,8.901943833,0.944712133,-0.5198267,1,
108,68,0,8.7076953,0.266609567,-0.346175367,1,
116,68,0,8.5145749,-0.469136733,-0.139857233,1,
124,68,0,8.648869933,-1.204883033,0.0664609,1,
132,68,0,8.783164967,-1.940629367,0.272779033,1,
140,68,0,8.91746,-2.2583359,0.631732633,1,
148,68,0,9.051755033,-2.561317367,0.996062733,1,
156,68,0,9.510557467,-2.864298867,1.3603928,1,
164,68,0,9.994343167,-3.167280333,1.7247229,1,
172,68,0,10.4781289,-2.532263633,1.4760595,1,
180,68,0,10.9619146,-1.7831228,1.152814567,1,
188,68,0,11.15804097,-1.033982,0.829569633,1,
196,68,0,11.3052035,-0.284841167,0.5063247,1,
204,68,0,11.45236603,0.145435167,0.1497369,1,
212,68,0,11.59952853,0.448123133,-0.220192467,1,
220,68,0,11.7136006,0.750811133,-0.590121833,1,
228,68,0,11.8031033,1.0534991,-0.9600512,1,
236,68,0,11.89260597,1.267800933,-1.033014133,1,
244,68,0,11.98210867,1.369273333,-0.726884067,1,
252,68,0,11.98939093,1.4707457,-0.420754,1,
,,,,,,,
4,76,0,13.18951993,3.645203867,-2.681469867,1,
12,76,0,11.5529665,4.4057731,-2.554603233,1,
20,76,0,9.916413033,3.870862267,-2.037433733,1,
28,76,0,8.666684833,3.335951467,-1.520264267,1,
36,76,0,8.124599367,2.801040633,-1.003094767,1,
44,76,0,7.582513867,2.157889633,-0.6645796,1,
52,76,0,7.0404284,1.420940533,-0.480881667,1,
60,76,0,7.214241833,0.6839914,-0.297183733,1,
68,76,0,7.6691678,-0.052957733,-0.113485767,1,
76,76,0,8.1240938,-0.033042567,-0.3027587,1,
84,76,0,8.5790198,0.187203633,-0.5907516,1,
92,76,0,8.8850246,0.407449833,-0.878744533,1,
100,76,0,9.1674635,0.627696033,-1.166737433,1,
108,76,0,9.4499024,0.022696433,-0.895311767,1,
116,76,0,9.7312056,-0.641181567,-0.5839735,1,
124,76,0,9.682880633,-1.3050596,-0.272635267,1,
132,76,0,9.6345557,-1.968937633,0.038703,1,
140,76,0,9.586230733,-2.3824851,0.4019906,1,
148,76,0,9.537905767,-2.787214867,0.767108067,1,
156,76,0,9.744880167,-3.191944633,1.132225533,1,
164,76,0,9.971509633,-3.5966744,1.497342967,1,
172,76,0,10.1981391,-2.9780359,1.323025867,1,
180,76,0,10.42476857,-2.2348865,1.083076967,1,
188,76,0,10.66001493,-1.4917371,0.843128067,1,
196,76,0,10.89672803,-0.7485877,0.603179167,1,
204,76,0,11.13344113,-0.2848831,0.312637633,1,
212,76,0,11.37015423,0.0670063,0.0018523,1,
220,76,0,11.48207653,0.4188957,-0.308933033,1,
228,76,0,11.50134287,0.7707851,-0.619718367,1,
236,76,0,11.5206092,1.046443467,-0.6698901,1,
244,76,0,11.53987553,1.224789,-0.387375,1,
252,76,0,11.5032375,1.4031345,-0.104859933,1,
,,,,,,,
4,84,0,11.80095943,4.685166,-2.623679333,1,
12,84,0,10.16654693,5.5258868,-2.449040267,1,
20,84,0,8.532134433,4.742347767,-1.829469633,1,
28,84,0,7.355096233,3.958808733,-1.209899,1,
36,84,0,7.014760433,3.1752697,-0.590328367,1,
44,84,0,6.6744246,2.271380133,-0.386635,1,
52,84,0,6.3340888,1.263197933,-0.543330167,1,
60,84,0,6.494322367,0.255015733,-0.700025333,1,
68,84,0,6.851114933,-0.753166467,-0.8567205,1,
76,84,0,7.207907467,-0.759005233,-1.0565341,1,
84,84,0,7.564700033,-0.4995382,-1.267760567,1,
92,84,0,8.169320833,-0.240071167,-1.478987,1,
100,84,0,8.813158933,0.019395867,-1.690213467,1,
108,84,0,9.456997033,-0.455303133,-1.307236567,1,
116,84,0,10.09855927,-0.982382333,-0.8818653,1,
124,84,0,10.07956783,-1.509461533,-0.456494033,1,
132,84,0,10.0605764,-2.036540733,-0.0311228,1,
140,84,0,10.04158497,-2.473442433,0.355089433,1,
148,84,0,10.02259353,-2.907167667,0.739922267,1,
156,84,0,9.966275167,-3.340892933,1.124755133,1,
164,84,0,9.9070831,-3.7746182,1.509588,1,
172,84,0,9.847891,-3.198576267,1.3637791,1,
180,84,0,9.7886989,-2.4996782,1.1534082,1,
188,84,0,9.973027733,-1.800780133,0.9430373,1,
196,84,0,10.1988074,-1.101882067,0.7326664,1,
204,84,0,10.42458707,-0.6039765,0.5502903,1,
212,84,0,10.65036673,-0.186494767,0.379115833,1,
220,84,0,10.72356593,0.230986967,0.2079414,1,
228,84,0,10.6834755,0.648468667,0.036766933,1,
236,84,0,10.6433851,0.978753333,0.065014933,1,
244,84,0,10.6032947,1.1977264,0.347836,1,
252,84,0,10.58456547,1.416699433,0.6306571,1,
,,,,,,,
4,92,0,12.01575377,5.347164967,-2.266714333,1,
12,92,0,10.42576463,6.269514867,-2.0840583,1,
20,92,0,8.835775467,5.296492233,-1.486687833,1,
28,92,0,7.724928433,4.3234696,-0.8893174,1,
36,92,0,7.490604933,3.350446967,-0.291946967,1,
44,92,0,7.256281467,2.3073098,-0.181653933,1,
52,92,0,7.021957967,1.203413133,-0.493449667,1,
60,92,0,6.916819133,0.099516467,-0.805245367,1,
68,92,0,6.862407333,-1.0043802,-1.1170411,1,
76,92,0,6.807995533,-1.1250319,-1.2514412,1,
84,92,0,6.753583767,-0.985432867,-1.338887267,1,
92,92,0,7.395596633,-0.845833867,-1.4263333,1,
100,92,0,8.1478145,-0.706234833,-1.513779333,1,
108,92,0,8.900032367,-1.067151167,-1.053040867,1,
116,92,0,9.650278967,-1.4637775,-0.5531913,1,
124,92,0,9.828396733,-1.860403833,-0.053341733,1,
132,92,0,10.00651453,-2.2570302,0.4465078,1,
140,92,0,10.1846323,-2.643550667,0.739876667,1,
148,92,0,10.36275007,-3.029715167,1.0259724,1,
156,92,0,10.15137703,-3.4158797,1.312068167,1,
164,92,0,9.9100178,-3.8020442,1.5981639,1,
172,92,0,9.668658533,-3.248899,1.487447367,1,
180,92,0,9.4272993,-2.5814701,1.328451533,1,
188,92,0,9.432566233,-1.9140412,1.169455733,1,
196,92,0,9.4798126,-1.2466123,1.010459933,1,
204,92,0,9.527059,-0.732145433,0.970310633,1,
212,92,0,9.574305367,-0.278883767,0.9777158,1,
220,92,0,9.520432367,0.174377867,0.985120967,1,
228,92,0,9.391479167,0.627639533,0.992526133,1,
236,92,0,9.262525967,0.972127433,1.058169033,1,
244,92,0,9.1335728,1.17776,1.198155433,1,
252,92,0,9.157138867,1.383392533,1.338141833,1,
,,,,,,,
4,100,0,13.94140837,6.028638233,-1.861320767,1,
12,100,0,12.26722513,6.947863067,-1.568047933,1,
20,100,0,10.59304193,5.8139657,-1.072920733,1,
28,100,0,9.3602302,4.680068367,-0.5777935,1,
36,100,0,8.9348459,3.546171,-0.082666267,1,
44,100,0,8.5094616,2.4502712,-0.022377567,1,
52,100,0,8.084077267,1.3872991,-0.338908733,1,
60,100,0,7.694932233,0.324326967,-0.655439933,1,
68,100,0,7.320017267,-0.738645133,-0.9719711,1,
76,100,0,6.945102333,-1.0671991,-0.963009333,1,
84,100,0,6.570187367,-1.201363167,-0.8678943,1,
92,100,0,7.093385033,-1.335527267,-0.772779267,1,
100,100,0,7.758703567,-1.469691333,-0.677664233,1,
108,100,0,8.424022067,-1.760578233,-0.228290967,1,
116,100,0,9.0882849,-2.062646767,0.246357367,1,
124,100,0,9.446137033,-2.364715267,0.7210057,1,
132,100,0,9.803989167,-2.6667838,1.195654,1,
140,100,0,10.1618413,-2.950647867,1.324853167,1,
148,100,0,10.51969343,-3.233870733,1.441884167,1,
156,100,0,10.26412927,-3.517093567,1.558915167,1,
164,100,0,9.961339233,-3.8003164,1.675946167,1,
172,100,0,9.6585492,-3.2321624,1.612427767,1,
180,100,0,9.355759133,-2.560423267,1.526942333,1,
188,100,0,9.1104871,-1.888684133,1.4414569,1,
196,100,0,8.8750055,-1.216945,1.355971467,1,
204,100,0,8.639523867,-0.700478633,1.412378533,1,
212,100,0,8.404042233,-0.246142067,1.525561567,1,
220,100,0,8.215196533,0.208194467,1.6387446,1,
228,100,0,8.060977533,0.662531033,1.751927633,1,
236,100,0,7.906758533,0.979550967,1.779760067,1,
244,100,0,7.752539567,1.121279167,1.6986381,1,
252,100,0,7.7922849,1.263007367,1.617516133,1,
,,,,,,,
4,108,0,13.56914357,7.2873783,-1.686205233,1,
12,108,0,12.27233663,7.967993967,-1.150265433,1,
20,108,0,10.97552967,6.617630467,-0.742524267,1,
28,108,0,9.993082167,5.267267,-0.3347831,1,
36,108,0,9.585711333,3.9169035,0.072958067,1,
44,108,0,9.178340467,2.762232333,0.1814966,1,
52,108,0,8.770969633,1.777143067,0.0307538,1,
60,108,0,8.285237633,0.7920538,-0.119989,1,
68,108,0,7.768735533,-0.193035433,-0.2707318,1,
76,108,0,7.252233433,-0.7842983,-0.263891567,1,
84,108,0,6.735731333,-1.271321,-0.215341367,1,
92,108,0,7.099227833,-1.7583437,-0.1667912,1,
100,108,0,7.601978733,-2.2453664,-0.118241033,1,
108,108,0,8.104729667,-2.490920667,0.269839,1,
116,108,0,8.607288133,-2.719247,0.6821433,1,
124,108,0,9.053992,-2.947573333,1.094447567,1,
132,108,0,9.500695867,-3.175899667,1.506751867,1,
140,108,0,9.947399733,-3.328125,1.5550091,1,
148,108,0,10.3941036,-3.477669767,1.5904431,1,
156,108,0,10.16373757,-3.627214533,1.625877133,1,
164,108,0,9.881245067,-3.7767593,1.661311133,1,
172,108,0,9.5987526,-3.181419833,1.652703467,1,
180,108,0,9.3162601,-2.495451967,1.638737367,1,
188,108,0,8.872570867,-1.809484133,1.624771267,1,
196,108,0,8.401443567,-1.123516267,1.610805167,1,
204,108,0,7.930316267,-0.617966733,1.6785762,1,
212,108,0,7.459189,-0.184608633,1.779053033,1,
220,108,0,7.2216918,0.2487495,1.879529867,1,
228,108,0,7.157662733,0.6821076,1.980006667,1,
236,108,0,7.093633667,0.951070333,1.909092333,1,
244,108,0,7.0296046,1.010173833,1.6193883,1,
252,108,0,7.075268867,1.069277333,1.329684233,1,
,,,,,,,
4,116,0,11.74173027,8.3249971,-1.507055267,1,
12,116,0,11.32808243,8.5917313,-0.757071733,1,
20,116,0,10.9144346,7.153300667,-0.367825167,1,
28,116,0,10.50336217,5.71487,0.0214214,1,
36,116,0,10.09700107,4.276439333,0.410667967,1,
44,116,0,9.69064,3.1013009,0.584376733,1,
52,116,0,9.2842789,2.154324733,0.571305933,1,
60,116,0,8.761575333,1.207348533,0.558235167,1,
68,116,0,8.193187467,0.260372367,0.5451644,1,
76,116,0,7.6247996,-0.560625867,0.391166833,1,
84,116,0,7.0564117,-1.3482796,0.199867967,1,
92,116,0,7.203975433,-2.135933333,0.008569133,1,
100,116,0,7.464834167,-2.923587067,-0.1827297,1,
108,116,0,7.7256929,-3.1227177,0.1602626,1,
116,116,0,7.9873442,-3.279859233,0.5413747,1,
124,116,0,8.479040867,-3.437000767,0.922486833,1,
132,116,0,8.970737567,-3.5941423,1.303598967,1,
140,116,0,9.462434233,-3.605301833,1.364268267,1,
148,116,0,9.9541309,-3.611319233,1.413650267,1,
156,116,0,9.776564233,-3.617336667,1.4630323,1,
164,116,0,9.547472133,-3.6233541,1.5124143,1,
172,116,0,9.31838,-3.031470133,1.5408122,1,
180,116,0,9.0892879,-2.366840867,1.566657033,1,
188,116,0,8.6113674,-1.7022116,1.592501867,1,
196,116,0,8.091092633,-1.037582333,1.6183467,1,
204,116,0,7.570817833,-0.553160833,1.645492333,1,
212,116,0,7.050543067,-0.1408465,1.673158433,1,
220,116,0,6.845236167,0.2714678,1.7008245,1,
228,116,0,6.873789967,0.683782133,1.7284906,1,
236,116,0,6.902343733,0.939298267,1.5572654,1,
244,116,0,6.9308975,0.994653333,1.132145167,1,
252,116,0,6.973424267,1.0500084,0.707024933,1,
,,,,,,,
4,124,0,10.3683961,8.630248267,-1.036474333,1,
12,124,0,10.77130947,8.600190467,-0.223477167,1,
20,124,0,11.17422283,7.287034467,0.138698033,1,
28,124,0,11.2369911,5.973878467,0.500873267,1,
36,124,0,10.6775114,4.660722467,0.863048467,1,
44,124,0,10.11803173,3.472985933,1.052766733,1,
52,124,0,9.558552067,2.393934667,1.093038233,1,
60,124,0,8.964775967,1.314883433,1.133309733,1,
68,124,0,8.3575327,0.235832167,1.173581233,1,
76,124,0,7.7502894,-0.593060533,0.799466833,1,
84,124,0,7.143046133,-1.3557399,0.315670433,1,
92,124,0,7.097908133,-2.1184193,-0.168125933,1,
100,124,0,7.141719933,-2.881098667,-0.651922333,1,
108,124,0,7.1855317,-3.077484567,-0.3522199,1,
116,124,0,7.231034667,-3.233467433,0.003382433,1,
124,124,0,7.767385233,-3.389450267,0.3589848,1,
132,124,0,8.303735833,-3.5454331,0.714587133,1,
140,124,0,8.840086433,-3.475212933,0.856821033,1,
148,124,0,9.376437033,-3.397024967,0.9915392,1,
156,124,0,9.234464667,-3.318837,1.1262574,1,
164,124,0,9.040269367,-3.240649033,1.260975567,1,
172,124,0,8.846074067,-2.685460867,1.306089367,1,
180,124,0,8.651878767,-2.0722372,1.3403012,1,
188,124,0,8.235414433,-1.4590135,1.374513033,1,
196,124,0,7.781116633,-0.8457898,1.408724867,1,
204,124,0,7.326818833,-0.437874033,1.3506138,1,
212,124,0,6.872521033,-0.1121088,1.255561233,1,
220,124,0,6.7401482,0.2136564,1.160508633,1,
228,124,0,6.846801633,0.539421633,1.065456067,1,
236,124,0,6.953455067,0.722934467,0.813509767,1,
244,124,0,7.0601085,0.7248548,0.361280433,1,
252,124,0,7.099708833,0.726775167,-0.090948867,1,
,,,,,,,
4,132,0,10.90264837,8.652784267,-0.092364433,1,
12,132,0,11.38986193,8.571928467,0.562990733,1,
20,132,0,11.8770755,7.343335633,0.7823592,1,
28,132,0,11.89273127,6.114742833,1.001727633,1,
36,132,0,11.04573793,4.88615,1.221096067,1,
44,132,0,10.1987446,3.689632233,1.3476786,1,
52,132,0,9.351751267,2.520909867,1.393855233,1,
60,132,0,8.632602433,1.3521875,1.440031867,1,
68,132,0,7.963654433,0.183465133,1.4862085,1,
76,132,0,7.294706433,-0.5523575,0.951199667,1,
84,132,0,6.6257584,-1.1735978,0.2623595,1,
92,132,0,6.524794133,-1.794838133,-0.4264807,1,
100,132,0,6.513709833,-2.416078433,-1.1153209,1,
108,132,0,6.502625533,-2.625049533,-0.9035175,1,
116,132,0,6.4936209,-2.804606633,-0.6274563,1,
124,132,0,7.0882112,-2.984163733,-0.3513951,1,
132,132,0,7.682801533,-3.163720833,-0.075333867,1,
140,132,0,8.277391833,-3.062240733,0.187992233,1,
148,132,0,8.871982167,-2.950861333,0.450869767,1,
156,132,0,8.716014067,-2.839481933,0.713747267,1,
164,132,0,8.502261767,-2.728102533,0.9766248,1,
172,132,0,8.2885095,-2.2441377,1.020660967,1,
180,132,0,8.0747572,-1.714841233,1.0380712,1,
188,132,0,7.689713367,-1.1855448,1.055481433,1,
196,132,0,7.2755132,-0.656248333,1.072891667,1,
204,132,0,6.861313033,-0.331941233,0.879316433,1,
212,132,0,6.447112867,-0.089657233,0.601318833,1,
220,132,0,6.376451067,0.152626767,0.323321233,1,
228,132,0,6.560863267,0.394910767,0.045323633,1,
236,132,0,6.745275467,0.488111233,-0.2684889,1,
244,132,0,6.929687667,0.390998833,-0.628021067,1,
252,132,0,6.968702,0.2938864,-0.987553233,1,
,,,,,,,
4,140,0,10.76705597,8.402124333,0.742448467,1,
12,140,0,10.75235187,8.4319281,1.0444144,1,
20,140,0,10.73764777,7.2036219,1.111907167,1,
28,140,0,10.489441,5.9753157,1.1793999,1,
36,140,0,9.814073767,4.7470095,1.246892667,1,
44,140,0,9.138706533,3.5571026,1.344815567,1,
52,140,0,8.4633393,2.400471567,1.4691084,1,
60,140,0,7.850888233,1.243840533,1.593401267,1,
68,140,0,7.2631425,0.0872095,1.7176941,1,
76,140,0,6.675396767,-0.585889667,1.205371167,1,
84,140,0,6.087651,-1.1310049,0.524545233,1,
92,140,0,6.080639433,-1.676120167,-0.156280733,1,
100,140,0,6.165525533,-2.2212354,-0.837106667,1,
108,140,0,6.2504116,-2.405901633,-0.7607478,1,
116,140,0,6.336644333,-2.564851033,-0.630366467,1,
124,140,0,6.813725333,-2.723800467,-0.4999851,1,
132,140,0,7.290806333,-2.882749867,-0.369603733,1,
140,140,0,7.767887367,-2.7345729,-0.052228667,1,
148,140,0,8.244968367,-2.575577633,0.271733133,1,
156,140,0,8.109014867,-2.4165824,0.5956949,1,
164,140,0,7.9258649,-2.257587167,0.919656667,1,
172,140,0,7.742714933,-1.848730533,0.842603233,1,
180,140,0,7.559564933,-1.409473833,0.716759133,1,
188,140,0,7.2216823,-0.970217167,0.590915067,1,
196,140,0,6.8574619,-0.530960467,0.465071,1,
204,140,0,6.493241467,-0.2895962,0.149818867,1,
212,140,0,6.129021067,-0.127415333,-0.241221767,1,
220,140,0,5.9168648,0.034765533,-0.6322624,1,
228,140,0,5.8176148,0.1969464,-1.023303033,1,
236,140,0,5.718364767,0.202145167,-1.367420233,1,
244,140,0,5.619114767,0.006948067,-1.651637167,1,
252,140,0,5.5009119,-0.188249033,-1.9358541,1,
,,,,,,,
4,148,0,9.213717967,7.835268967,0.885980533,1,
12,148,0,9.184764467,8.029069733,0.888749633,1,
20,148,0,9.155811,6.7344397,0.992765,1,
28,148,0,9.023690967,5.439809633,1.096780367,1,
36,148,0,8.702842233,4.1451796,1.200795733,1,
44,148,0,8.3819935,2.996021167,1.2707349,1,
52,148,0,8.061144767,1.972924667,1.3111445,1,
60,148,0,7.711861167,0.949828167,1.351554133,1,
68,148,0,7.351411967,-0.073268333,1.391963733,1,
76,148,0,6.9909628,-0.7855285,1.153904,1,
84,148,0,6.6305136,-1.415514833,0.8421375,1,
92,148,0,6.531781267,-2.045501133,0.530370967,1,
100,148,0,6.474464033,-2.675487467,0.218604467,1,
108,148,0,6.4171468,-2.7765933,0.185615233,1,
116,148,0,6.3607063,-2.839965333,0.1725158,1,
124,148,0,6.558729533,-2.903337367,0.159416367,1,
132,148,0,6.756752767,-2.966709433,0.146316933,1,
140,148,0,6.954776,-2.724829333,0.3568393,1,
148,148,0,7.152799233,-2.472197033,0.575238533,1,
156,148,0,7.010726433,-2.219564733,0.793637767,1,
164,148,0,6.842470233,-1.9669324,1.012037,1,
172,148,0,6.674214,-1.613946967,0.8254549,1,
180,148,0,6.5059578,-1.248751833,0.589599633,1,
188,148,0,6.2169744,-0.883556667,0.353744367,1,
196,148,0,5.9074415,-0.5183615,0.117889067,1,
204,148,0,5.597908567,-0.351564567,-0.296555167,1,
212,148,0,5.288375633,-0.264153433,-0.782458833,1,
220,148,0,5.108015867,-0.176742267,-1.2683625,1,
228,148,0,5.0235659,-0.089331133,-1.7542662,1,
236,148,0,4.939115967,-0.1546863,-2.105321433,1,
244,148,0,4.854666,-0.4150556,-2.284235633,1,
252,148,0,4.7772998,-0.675424867,-2.463149833,1,
,,,,,,,
4,156,0,7.841370733,6.761685067,0.902619533,1,
12,156,0,7.991067167,7.018826567,0.764907767,1,
20,156,0,8.140763567,5.747456033,0.862174,1,
28,156,0,8.215451433,4.4760855,0.959440233,1,
36,156,0,8.152921633,3.204714967,1.0567065,1,
44,156,0,8.0903918,2.1763268,1.1003761,1,
52,156,0,8.027861967,1.358500933,1.097600267,1,
60,156,0,7.920693033,0.540675067,1.0948244,1,
68,156,0,7.795995667,-0.2771508,1.092048567,1,
76,156,0,7.671298267,-1.0558784,1.101226167,1,
84,156,0,7.546600867,-1.824257233,1.113567667,1,
92,156,0,7.316949267,-2.5926361,1.1259092,1,
100,156,0,7.070689333,-3.361014933,1.1382507,1,
108,156,0,6.824429367,-3.3733733,1.019436167,1,
116,156,0,6.578413133,-3.3317922,0.8912641,1,
124,156,0,6.4031305,-3.290211133,0.763092067,1,
132,156,0,6.227847867,-3.248630033,0.63492,1,
140,156,0,6.052565267,-2.928058167,0.647061067,1,
148,156,0,5.877282633,-2.5976591,0.664144567,1,
156,156,0,5.7250336,-2.267260033,0.681228067,1,
164,156,0,5.574557867,-1.936860967,0.698311533,1,
172,156,0,5.4240821,-1.616873667,0.431533333,1,
180,156,0,5.273606367,-1.2981532,0.130218333,1,
188,156,0,5.0343001,-0.9794327,-0.1710967,1,
196,156,0,4.779873567,-0.6607122,-0.4724117,1,
204,156,0,4.525447033,-0.544090767,-0.860688633,1,
212,156,0,4.2710205,-0.508335967,-1.283761967,1,
220,156,0,4.174149333,-0.472581167,-1.706835267,1,
228,156,0,4.194261533,-0.436826367,-2.129908567,1,
236,156,0,4.2143737,-0.5478617,-2.410235533,1,
244,156,0,4.2344859,-0.8462822,-2.5083394,1,
252,156,0,4.2699146,-1.144702733,-2.606443233,1,
,,,,,,,
4,164,0,7.271810233,5.161917033,1.021298033,1,
12,164,0,7.578609133,5.205509367,0.907717267,1,
20,164,0,7.885408067,4.272949867,0.909431933,1,
28,164,0,8.088100033,3.340390333,0.9111466,1,
36,164,0,8.100342833,2.407830833,0.9128613,1,
44,164,0,8.112585667,1.596634367,0.9282391,1,
52,164,0,8.1248285,0.890608,0.955457033,1,
60,164,0,8.1553356,0.1845816,0.982674967,1,
68,164,0,8.193014567,-0.521444767,1.0098929,1,
76,164,0,8.230693533,-1.234251967,1.127349167,1,
84,164,0,8.2683725,-1.948853933,1.2686902,1,
92,164,0,7.9653488,-2.663455933,1.410031267,1,
100,164,0,7.608410967,-3.3780579,1.5513723,1,
108,164,0,7.251473133,-3.300143667,1.3383393,1,
116,164,0,6.8937696,-3.165686167,1.100022933,1,
124,164,0,6.313831033,-3.031228633,0.861706567,1,
132,164,0,5.733892467,-2.896771133,0.6233902,1,
140,164,0,5.153953867,-2.629486733,0.431731533,1,
148,164,0,4.5740153,-2.3575236,0.2417163,1,
156,164,0,4.3957642,-2.085560467,0.0517011,1,
164,164,0,4.248438333,-1.813597367,-0.138314133,1,
172,164,0,4.101112467,-1.588926267,-0.3904318,1,
180,164,0,3.9537866,-1.3700091,-0.650105333,1,
188,164,0,3.7983993,-1.151091933,-0.9097789,1,
196,164,0,3.641639833,-0.932174767,-1.169452433,1,
204,164,0,3.484880367,-0.8423082,-1.383333267,1,
212,164,0,3.3281209,-0.8040791,-1.578890933,1,
220,164,0,3.324844633,-0.765849967,-1.7744486,1,
228,164,0,3.435528167,-0.727620867,-1.970006267,1,
236,164,0,3.5462117,-0.8194416,-2.129231567,1,
244,164,0,3.656895267,-1.077277667,-2.242076733,1,
252,164,0,3.7975427,-1.335113733,-2.354921933,1,
,,,,,,,
4,172,0,7.551839367,3.751030133,1.2808986,1,
12,172,0,7.812052133,3.5869936,1.2848843,1,
20,172,0,8.072264867,2.991561867,1.177438133,1,
28,172,0,8.217296967,2.396130133,1.069991933,1,
36,172,0,8.151622133,1.8006984,0.962545767,1,
44,172,0,8.0859473,1.1648802,0.941638933,1,
52,172,0,8.020272433,0.494064133,0.995724933,1,
60,172,0,8.051255733,-0.176751933,1.0498109,1,
68,172,0,8.120193867,-0.847568,1.103896867,1,
76,172,0,8.189131967,-1.447294067,1.178153833,1,
84,172,0,8.2580701,-2.028203633,1.257749767,1,
92,172,0,8.0071471,-2.609113233,1.3373457,1,
100,172,0,7.705608,-3.1900228,1.416941633,1,
108,172,0,7.404068933,-2.9945391,1.055253333,1,
116,172,0,7.100363233,-2.7436624,0.662080967,1,
124,172,0,6.167825267,-2.4927857,0.268908567,1,
132,172,0,5.2352873,-2.241909033,-0.1242638,1,
140,172,0,4.302749333,-2.167488767,-0.4136316,1,
148,172,0,3.370211333,-2.099284033,-0.699342967,1,
156,172,0,3.118483467,-2.0310793,-0.985054333,1,
164,172,0,2.91917,-1.962874567,-1.2707657,1,
172,172,0,2.7198565,-1.8583036,-1.3238181,1,
180,172,0,2.520543033,-1.749308033,-1.3485634,1,
188,172,0,2.533977067,-1.640312467,-1.3733087,1,
196,172,0,2.583623867,-1.5313169,-1.398054,1,
204,172,0,2.633270667,-1.3958706,-1.335898633,1,
212,172,0,2.682917467,-1.2498405,-1.238971433,1,
220,172,0,2.785306933,-1.1038104,-1.142044233,1,
228,172,0,2.926857333,-0.9577803,-1.045117033,1,
236,172,0,3.068407733,-0.950920233,-1.118122933,1,
244,172,0,3.209958133,-1.121717967,-1.408057267,1,
252,172,0,3.388717,-1.292515667,-1.697991567,1,
,,,,,,,
4,180,0,8.5920481,2.631813733,1.4986848,1,
12,180,0,8.913804733,2.391107867,1.473439767,1,
20,180,0,9.235561367,2.088067433,1.437802867,1,
28,180,0,9.3369601,1.785026967,1.402165967,1,
36,180,0,9.035244867,1.4819865,1.366529067,1,
44,180,0,8.733529667,0.973318933,1.339136567,1,
52,180,0,8.431814433,0.286460167,1.318888467,1,
60,180,0,8.2249412,-0.400398567,1.298640367,1,
68,180,0,8.055309633,-1.087257333,1.278392233,1,
76,180,0,7.885678067,-1.589015367,1.240052233,1,
84,180,0,7.7160465,-2.0417799,1.196923567,1,
92,180,0,7.395919833,-2.494544433,1.1537949,1,
100,180,0,7.051978267,-2.947309,1.110666233,1,
108,180,0,6.708036667,-2.661821267,0.812230067,1,
116,180,0,6.3625808,-2.3236618,0.495578567,1,
124,180,0,5.577622033,-1.985502333,0.1789271,1,
132,180,0,4.792663267,-1.647342867,-0.137724367,1,
140,180,0,4.0077045,-1.762317533,-0.304458,1,
148,180,0,3.222745733,-1.893253467,-0.465910933,1,
156,180,0,2.912583933,-2.024189367,-0.627363867,1,
164,180,0,2.638975967,-2.155125267,-0.788816767,1,
172,180,0,2.365367967,-2.171842633,-0.7611442,1,
180,180,0,2.091759967,-2.174663267,-0.710461133,1,
188,180,0,2.1321359,-2.1774839,-0.659778067,1,
196,180,0,2.225956567,-2.180304567,-0.609095,1,
204,180,0,2.3197772,-2.0008971,-0.651512867,1,
212,180,0,2.413597833,-1.748574067,-0.731183533,1,
220,180,0,2.6252861,-1.496251067,-0.8108542,1,
228,180,0,2.92449,-1.243928033,-0.890524833,1,
236,180,0,3.2236939,-1.164077733,-0.9363082,1,
244,180,0,3.5228978,-1.304397833,-0.938832633,1,
252,180,0,3.7069859,-1.444717933,-0.941357067,1,
,,,,,,,
4,188,0,9.899510267,1.881981533,1.418415933,1,
12,188,0,9.7448815,1.751427733,1.40243,1,
20,188,0,9.590252733,1.6638752,1.424585133,1,
28,188,0,9.3393581,1.576322667,1.446740267,1,
36,188,0,8.9123586,1.488770133,1.4688954,1,
44,188,0,8.4853591,1.0587312,1.421515433,1,
52,188,0,8.0583596,0.3319024,1.313878133,1,
60,188,0,7.694547833,-0.394926433,1.206240833,1,
68,188,0,7.355548067,-1.121755267,1.098603533,1,
76,188,0,7.0165483,-1.5865995,1.055814,1,
84,188,0,6.6775485,-1.982100167,1.030188733,1,
92,188,0,6.295230167,-2.377600833,1.004563467,1,
100,188,0,5.9060569,-2.773101533,0.9789382,1,
108,188,0,5.516883633,-2.470593133,0.765606933,1,
116,188,0,5.1276655,-2.1182842,0.5388835,1,
124,188,0,4.725418033,-1.7659753,0.312160067,1,
132,188,0,4.323170567,-1.413666367,0.085436633,1,
140,188,0,3.9209231,-1.579820133,0.0769468,1,
148,188,0,3.518675667,-1.7642363,0.076144033,1,
156,188,0,3.1111891,-1.948652433,0.0753413,1,
164,188,0,2.7032992,-2.1330686,0.074538533,1,
172,188,0,2.2954093,-2.2504079,0.004758,1,
180,188,0,1.8875194,-2.359586133,-0.073414867,1,
188,188,0,1.923753933,-2.468764333,-0.151587767,1,
196,188,0,2.035584967,-2.577942567,-0.229760667,1,
204,188,0,2.147416,-2.433513733,-0.394682467,1,
212,188,0,2.259247033,-2.187608233,-0.5943154,1,
220,188,0,2.456988833,-1.941702733,-0.793948333,1,
228,188,0,2.718518567,-1.6957972,-0.993581267,1,
236,188,0,2.9800483,-1.646062067,-1.061475467,1,
244,188,0,3.241578033,-1.8467485,-0.961198333,1,
252,188,0,3.3654861,-2.047434967,-0.8609212,1,
,,,,,,,
4,196,0,9.9264959,1.794640633,1.3332931,1,
12,196,0,9.436676,1.8873718,1.36312,1,
20,196,0,8.9468561,1.8221459,1.348158333,1,
28,196,0,8.499821633,1.75692,1.333196633,1,
36,196,0,8.131057067,1.6916941,1.318234967,1,
44,196,0,7.762292533,1.247356467,1.258611067,1,
52,196,0,7.393527967,0.474490367,1.160284067,1,
60,196,0,6.934025633,-0.2983757,1.061957033,1,
68,196,0,6.4388932,-1.0712418,0.963630033,1,
76,196,0,5.943760733,-1.562622,0.9283244,1,
84,196,0,5.4486283,-1.9794969,0.909699633,1,
92,196,0,5.025781,-2.396371833,0.891074833,1,
100,196,0,4.614372367,-2.813246767,0.872450067,1,
108,196,0,4.202963767,-2.548284067,0.805481233,1,
116,196,0,3.792504933,-2.2346746,0.735063233,1,
124,196,0,3.657722267,-1.921065133,0.664645233,1,
132,196,0,3.5229396,-1.607455667,0.594227233,1,
140,196,0,3.388156933,-1.6574193,0.593443033,1,
148,196,0,3.253374267,-1.720189467,0.595111633,1,
156,196,0,2.892463033,-1.782959633,0.596780267,1,
164,196,0,2.514142533,-1.845729833,0.598448867,1,
172,196,0,2.135822033,-2.023793733,0.4075626,1,
180,196,0,1.757501533,-2.2158852,0.1932486,1,
188,196,0,1.709422267,-2.407976633,-0.0210654,1,
196,196,0,1.717554933,-2.6000681,-0.2353794,1,
204,196,0,1.725687633,-2.595578267,-0.450863767,1,
212,196,0,1.7338203,-2.5124297,-0.6668165,1,
220,196,0,1.842737533,-2.4292811,-0.8827692,1,
228,196,0,2.0264864,-2.346132533,-1.098721933,1,
236,196,0,2.210235267,-2.3670815,-1.185753933,1,
244,196,0,2.393984133,-2.520916367,-1.108211967,1,
252,196,0,2.535731633,-2.674751267,-1.030669967,1,
,,,,,,,
4,204,0,8.579869433,1.9855589,1.375191967,1,
12,204,0,8.187579567,2.2609061,1.393606933,1,
20,204,0,7.7952897,2.121764233,1.302940633,1,
28,204,0,7.454382767,1.982622333,1.212274333,1,
36,204,0,7.207473667,1.843480467,1.121608033,1,
44,204,0,6.9605646,1.352900133,1.0523913,1,
52,204,0,6.7136555,0.557772233,1.001762167,1,
60,204,0,6.2077978,-0.237355633,0.951133067,1,
68,204,0,5.600258533,-1.032483533,0.900503967,1,
76,204,0,4.992719267,-1.529930367,0.879424267,1,
84,204,0,4.38518,-1.948585333,0.866165867,1,
92,204,0,3.9693777,-2.3672403,0.8529075,1,
100,204,0,3.583916633,-2.785895267,0.8396491,1,
108,204,0,3.198455567,-2.6107831,0.905247667,1,
116,204,0,2.814045667,-2.393307733,0.976472367,1,
124,204,0,2.7347267,-2.175832333,1.047697067,1,
132,204,0,2.655407733,-1.958356967,1.1189218,1,
140,204,0,2.576088767,-1.9232158,0.989165533,1,
148,204,0,2.4967698,-1.8944972,0.8523299,1,
156,204,0,2.332846033,-1.865778633,0.715494267,1,
164,204,0,2.1624087,-1.837060033,0.578658633,1,
172,204,0,1.991971367,-1.930184033,0.333217167,1,
180,204,0,1.821534033,-2.038132367,0.074561867,1,
188,204,0,1.681432167,-2.146080667,-0.1840934,1,
196,204,0,1.546493833,-2.254029,-0.4427487,1,
204,204,0,1.411555533,-2.398805867,-0.614411733,1,
212,204,0,1.2766172,-2.558319067,-0.751266267,1,
220,204,0,1.2344433,-2.717832267,-0.8881208,1,
228,204,0,1.261146133,-2.877345467,-1.024975333,1,
236,204,0,1.287848933,-3.0414354,-1.100256567,1,
244,204,0,1.314551767,-3.211367767,-1.096936233,1,
252,204,0,1.437817433,-3.381300133,-1.0936159,1,
,,,,,,,
4,212,0,6.6579019,1.962232667,1.487459167,1,
12,212,0,6.7394659,2.355733767,1.3531747,1,
20,212,0,6.8210299,2.173554067,1.273140167,1,
28,212,0,6.7978398,1.991374367,1.193105667,1,
36,212,0,6.5830167,1.809194667,1.113071133,1,
44,212,0,6.368193633,1.3256197,1.030569467,1,
52,212,0,6.153370567,0.580863367,0.9459298,1,
60,212,0,5.649116867,-0.163892967,0.861290167,1,
68,212,0,5.0312122,-0.9086493,0.776650533,1,
76,212,0,4.413307533,-1.410013833,0.789949867,1,
84,212,0,3.7954029,-1.846956067,0.829172267,1,
92,212,0,3.454050367,-2.2838983,0.868394633,1,
100,212,0,3.156460567,-2.720840567,0.907617033,1,
108,212,0,2.858870733,-2.615097,0.992348933,1,
116,212,0,2.561790433,-2.470634733,1.080327767,1,
124,212,0,2.4125912,-2.326172433,1.1683066,1,
132,212,0,2.263391967,-2.181710133,1.256285433,1,
140,212,0,2.1141927,-2.122424267,1.012141467,1,
148,212,0,1.964993467,-2.066138667,0.756298767,1,
156,212,0,2.007701967,-2.009853067,0.500456067,1,
164,212,0,2.0651851,-1.953567467,0.244613367,1,
172,212,0,2.122668233,-1.977709667,0.029533667,1,
180,212,0,2.1801514,-2.011637367,-0.1805865,1,
188,212,0,2.0547497,-2.045565033,-0.390706667,1,
196,212,0,1.8982183,-2.079492733,-0.600826833,1,
204,212,0,1.741686933,-2.262880367,-0.680431767,1,
212,212,0,1.585155533,-2.506071967,-0.707813167,1,
220,212,0,1.362700033,-2.749263533,-0.735194567,1,
228,212,0,1.091296467,-2.9924551,-0.762575933,1,
236,212,0,0.8198929,-3.211266367,-0.7957922,1,
244,212,0,0.548489333,-3.398954933,-0.8364569,1,
252,212,0,0.453013733,-3.586643467,-0.877121633,1,
,,,,,,,
4,220,0,4.816918033,1.725724967,1.197369267,1,
12,220,0,5.2014242,2.1237499,0.9841514,1,
20,220,0,5.5859304,1.8916523,1.049587933,1,
28,220,0,5.826431167,1.6595547,1.115024467,1,
36,220,0,5.803494267,1.4274571,1.180461,1,
44,220,0,5.780557333,0.9931097,1.142558633,1,
52,220,0,5.7576204,0.3834978,1.015105433,1,
60,220,0,5.3388836,-0.2261141,0.887652233,1,
68,220,0,4.764727733,-0.835725967,0.760199,1,
76,220,0,4.190571867,-1.299590433,0.678021833,1,
84,220,0,3.616416033,-1.724877667,0.607828567,1,
92,220,0,3.383035367,-2.1501649,0.537635267,1,
100,220,0,3.203580333,-2.575452133,0.467442,1,
108,220,0,3.0241253,-2.500888467,0.567348067,1,
116,220,0,2.844809167,-2.3906622,0.679390133,1,
124,220,0,2.705805633,-2.2804359,0.7914322,1,
132,220,0,2.566802067,-2.1702096,0.903474267,1,
140,220,0,2.427798533,-2.138456633,0.765480267,1,
148,220,0,2.288794967,-2.109467833,0.618679,1,
156,220,0,2.241448967,-2.080479033,0.4718777,1,
164,220,0,2.201159467,-2.051490233,0.3250764,1,
172,220,0,2.16087,-2.054954667,0.091263,1,
180,220,0,2.120580533,-2.0623676,-0.153137,1,
188,220,0,2.078789433,-2.069780533,-0.397536967,1,
196,220,0,2.0367427,-2.077193467,-0.641936967,1,
204,220,0,1.994695967,-2.2178043,-0.742970167,1,
212,220,0,1.952649267,-2.411712067,-0.786637533,1,
220,220,0,1.733783833,-2.605619867,-0.830304867,1,
228,220,0,1.383632167,-2.799527633,-0.873972233,1,
236,220,0,1.033480533,-2.9821308,-0.8971296,1,
244,220,0,0.6833289,-3.150303067,-0.894104867,1,
252,220,0,0.495007133,-3.318475333,-0.8910801,1,
,,,,,,,
4,228,0,3.8321406,1.3653838,1.1597797,1,
12,228,0,3.993040933,1.6684589,1.0236787,1,
20,228,0,4.153941267,1.393449567,1.092278133,1,
28,228,0,4.262434367,1.1184402,1.1608776,1,
36,228,0,4.2750557,0.843430867,1.229477067,1,
44,228,0,4.287677033,0.480166467,1.116689433,1,
52,228,0,4.300298367,0.040422467,0.8467164,1,
60,228,0,4.060991667,-0.399321533,0.5767434,1,
68,228,0,3.722760233,-0.8390655,0.306770367,1,
76,228,0,3.3845288,-1.218816033,0.1096639,1,
84,228,0,3.046297333,-1.582687133,-0.068155833,1,
92,228,0,2.791897767,-1.946558267,-0.245975567,1,
100,228,0,2.550764067,-2.310429367,-0.423795333,1,
108,228,0,2.309630333,-2.255412367,-0.277211567,1,
116,228,0,2.069167,-2.170509133,-0.107482767,1,
124,228,0,2.0232697,-2.0856059,0.062246067,1,
132,228,0,1.977372367,-2.000702667,0.231974867,1,
140,228,0,1.931475033,-2.007016567,0.1854224,1,
148,228,0,1.885577733,-2.016543533,0.1312516,1,
156,228,0,1.837881233,-2.026070467,0.077080833,1,
164,228,0,1.790046267,-2.035597433,0.022910033,1,
172,228,0,1.742211267,-2.0667614,-0.085508533,1,
180,228,0,1.694376267,-2.1005579,-0.2005273,1,
188,228,0,1.673786767,-2.134354433,-0.315546067,1,
196,228,0,1.657834833,-2.168150933,-0.430564867,1,
204,228,0,1.6418829,-2.2433466,-0.557926867,1,
212,228,0,1.625930933,-2.335107433,-0.690227867,1,
220,228,0,1.431551467,-2.4268683,-0.822528833,1,
228,228,0,1.104691167,-2.518629133,-0.954829833,1,
236,228,0,0.7778309,-2.619399767,-0.992250433,1,
244,228,0,0.4509706,-2.731671833,-0.908551367,1,
252,228,0,0.275805033,-2.8439439,-0.8248523,1,
,,,,,,,
4,236,0,3.436473067,1.092384867,0.777383667,1,
12,236,0,3.402326933,1.285187033,0.7780448,1,
20,236,0,3.368180833,1.010132333,0.753186933,1,
28,236,0,3.308054067,0.735077667,0.728329067,1,
36,236,0,3.2003993,0.460023,0.703471233,1,
44,236,0,3.092744533,0.152279167,0.5813058,1,
52,236,0,2.985089767,-0.183792267,0.374816167,1,
60,236,0,2.8990145,-0.5198637,0.1683265,1,
68,236,0,2.821412867,-0.855935133,-0.038163133,1,
76,236,0,2.743811233,-1.1474433,-0.2230863,1,
84,236,0,2.666209633,-1.4271562,-0.402301167,1,
92,236,0,2.457782767,-1.7068691,-0.581516,1,
100,236,0,2.228653633,-1.986581967,-0.760730833,1,
108,236,0,1.9995245,-1.974578933,-0.6858354,1,
116,236,0,1.771161033,-1.941762933,-0.592810067,1,
124,236,0,1.7650322,-1.908946967,-0.499784733,1,
132,236,0,1.758903367,-1.876131,-0.4067594,1,
140,236,0,1.752774533,-1.8873811,-0.375635367,1,
148,236,0,1.7466457,-1.900183367,-0.346691733,1,
156,236,0,1.702360633,-1.912985667,-0.3177481,1,
164,236,0,1.655137967,-1.925787933,-0.288804467,1,
172,236,0,1.6079153,-1.9966988,-0.3066849,1,
180,236,0,1.560692633,-2.074679567,-0.3302623,1,
188,236,0,1.509315,-2.152660333,-0.3538397,1,
196,236,0,1.457230133,-2.2306411,-0.377417133,1,
204,236,0,1.405145233,-2.272003167,-0.4474158,1,
212,236,0,1.353060367,-2.298712833,-0.535989233,1,
220,236,0,1.192084933,-2.3254225,-0.624562633,1,
228,236,0,0.950259267,-2.352132167,-0.713136033,1,
236,236,0,0.7084336,-2.392152067,-0.703792333,1,
244,236,0,0.466607933,-2.449163133,-0.569452333,1,
252,236,0,0.309883967,-2.506174233,-0.435112333,1,
,,,,,,,
4,244,0,3.129016233,1.3202596,0.5076556,1,
12,244,0,3.0609568,1.503689833,0.6230131,1,
20,244,0,2.992897333,1.2089835,0.600606533,1,
28,244,0,2.911229,0.914277167,0.578199967,1,
36,244,0,2.804665133,0.619570833,0.555793367,1,
44,244,0,2.698101233,0.272617133,0.503938333,1,
52,244,0,2.591537333,-0.119612767,0.426564033,1,
60,244,0,2.5732316,-0.5118427,0.349189733,1,
68,244,0,2.589582233,-0.9040726,0.271815433,1,
76,244,0,2.605932867,-1.1813219,0.152877167,1,
84,244,0,2.6222835,-1.4281375,0.022937533,1,
92,244,0,2.4703392,-1.674953133,-0.1070021,1,
100,244,0,2.291763267,-1.921768733,-0.236941733,1,
108,244,0,2.113187333,-1.933669467,-0.290965967,1,
116,244,0,1.935062933,-1.928809867,-0.339573867,1,
124,244,0,1.887991567,-1.923950267,-0.3881818,1,
132,244,0,1.840920167,-1.919090667,-0.4367897,1,
140,244,0,1.7938488,-1.921589933,-0.4173247,1,
148,244,0,1.746777433,-1.9243484,-0.395461933,1,
156,244,0,1.698624733,-1.927106867,-0.373599133,1,
164,244,0,1.650388767,-1.929865367,-0.351736333,1,
172,244,0,1.6021528,-1.9749273,-0.3482121,1,
180,244,0,1.553916833,-2.025136233,-0.3469191,1,
188,244,0,1.486947067,-2.075345167,-0.3456261,1,
196,244,0,1.416788567,-2.1255541,-0.3443331,1,
204,244,0,1.346630033,-2.163596567,-0.369232333,1,
212,244,0,1.2764715,-2.196770833,-0.404611933,1,
220,244,0,1.131529667,-2.229945067,-0.439991567,1,
228,244,0,0.9310619,-2.263119333,-0.4753712,1,
236,244,0,0.730594133,-2.300320467,-0.442695167,1,
244,244,0,0.530126367,-2.3426621,-0.323142567,1,
252,244,0,0.376299333,-2.385003733,-0.203589933,1,
,,,,,,,
4,252,0,2.6482625,1.151251467,0.700559733,1,
12,252,0,2.691045567,1.2807922,0.8223411,1,
20,252,0,2.733828667,1.014561733,0.826865467,1,
28,252,0,2.7556299,0.7483313,0.831389867,1,
36,252,0,2.739047867,0.482100867,0.835914233,1,
44,252,0,2.7224658,0.1603412,0.804343433,1,
52,252,0,2.705883733,-0.209538667,0.741493433,1,
60,252,0,2.661466733,-0.579418533,0.678643467,1,
68,252,0,2.606119733,-0.9492984,0.615793467,1,
76,252,0,2.550772733,-1.198081167,0.555885967,1,
84,252,0,2.495425767,-1.414811267,0.4967573,1,
92,252,0,2.3577075,-1.6315414,0.437628667,1,
100,252,0,2.2069545,-1.8482715,0.3785,1,
108,252,0,2.0562015,-1.863651067,0.256004,1,
116,252,0,1.905793933,-1.864664967,0.128986967,1,
124,252,0,1.855644133,-1.8656789,0.001969933,1,
132,252,0,1.805494367,-1.8666928,-0.125047133,1,
140,252,0,1.7553446,-1.871010667,-0.1443574,1,
148,252,0,1.7051948,-1.8754449,-0.159873833,1,
156,252,0,1.6651736,-1.879879167,-0.175390267,1,
164,252,0,1.625932167,-1.8843134,-0.190906667,1,
172,252,0,1.586690767,-1.932010367,-0.211905467,1,
180,252,0,1.547449333,-1.984971,-0.233571267,1,
188,252,0,1.479663467,-2.037931633,-0.255237067,1,
196,252,0,1.407018933,-2.090892267,-0.2769029,1,
204,252,0,1.3343744,-2.0934749,-0.298241933,1,
212,252,0,1.261729867,-2.075899667,-0.319450233,1,
220,252,0,1.120694133,-2.0583244,-0.3406585,1,
228,252,0,0.9288786,-2.040749133,-0.3618668,1,
236,252,0,0.737063067,-2.042523233,-0.337015167,1,
244,252,0,0.545247533,-2.068997767,-0.253365633,1,
252,252,0,0.398449567,-2.0954723,-0.169716133,1,
